{"pickups": {"pickup 1": [43.96848374129353, -88.57942158811477], "pickup 2": [43.96838429850746, -88.5792798135246], "pickup 3": [43.96839607462687, -88.57963243237705], "pickup 4": [43.96820242288557, -88.57889993032788]}, "dropoffs": {"dropoff 1": [43.96851252736318, -88.57932707172132], "dropoff 2": [43.96839869154228, -88.57939250614756], "dropoff 3": [43.96850598507463, -88.57967787295082]}}